Account address,Show boosts
0xb10c@bitcoinhackers.org,true
0xb10c@x0f.org,true
0xtail@bitcoinhackers.org,true
0xtr@bitcoinhackers.org,true
100millionsat@bitcoinhackers.org,true
2140btc@bitcoinhackers.org,true
402PaymentReq@bitcoinhackers.org,true
adam@podcastindex.social,true
ahkyee@bitcoinhackers.org,true
alanturing@bitcoinhackers.org,true
AlsLacrosse@bitcoinhackers.org,true
alyssa@bitcoinhackers.org,true
americanhodl@bitcoinhackers.org,true
anandamayi@bitcoinhackers.org,true
anita@bitcoinhackers.org,true
anita@podcastindex.social,true
arbedout@bitcoinhackers.org,true
armantheparman@bitcoinhackers.org,true
artdesignbysf@bitcoinhackers.org,true
ArtForBitcoin@bitcoinhackers.org,true
AvatarX@bitcoinhackers.org,true
Bacchus@bitcoinhackers.org,true
Baphomet@bitcoinhackers.org,true
BBInvestments@bitcoinhackers.org,true
beachbardave@bitcoinhackers.org,true
beautyon@bitcoinhackers.org,true
belcher@x0f.org,true
bendavenport@bitcoinhackers.org,true
Benjamin@bitcoinhackers.org,true
benkaufman@bitcoinhackers.org,true
bipmerges@x0f.org,true
Bisq@bitcoinhackers.org,true
bisq_network@bitcoinhackers.org,true
BitbyBit@bitcoinhackers.org,true
bitchybitwife@bitcoinhackers.org,true
bitcoinbella@bitcoinhackers.org,true
BitcoinCam@bitcoinhackers.org,true
bitcoincore@x0f.org,true
BitcoinDeadpool@bitcoinhackers.org,true
bitcoindevkit@bitcoinhackers.org,true
bitcoinedu@bitcoinhackers.org,true
bitcoinerrorlog@bitcoinhackers.org,true
BitcoinGent@bitcoinhackers.org,true
BitcoinIsTheNextBitcoin@bitcoinhackers.org,true
bitcoinization@bitcoinhackers.org,true
Bitcoinlabrador@bitcoinhackers.org,true
bitcoinmagazine@bitcoinhackers.org,true
BitcoinMemeHub@bitcoinhackers.org,true
bitcoinmerges@x0f.org,true
Bitcoin_Optech@portal.0svc.com,true
bitcoinoptech@x0f.org,true
bitcoinordeath@bitcoinhackers.org,true
BitcoinPlanMarcus@bitcoinhackers.org,true
bitcoinshirt@mastodon.social,true
BitcoinTina@bitcoinhackers.org,true
Bit_Faced@bitcoinhackers.org,true
bitfandango@bitcoinhackers.org,true
bitpaint@bitcoinhackers.org,true
Bitrefill@bitcoinhackers.org,true
bitstein@bitcoinhackers.org,true
bitstein@mastodon.social,true
BITVOLT7@bitcoinhackers.org,true
BlockSociety@bitcoinhackers.org,true
Blockstream@bitcoinhackers.org,true
Boner4bitcoin@bitcoinhackers.org,true
Bqa@bitcoinhackers.org,true
braiins@bitcoinhackers.org,true
breedlove22@bitcoinhackers.org,true
BrianLockhart@bitcoinhackers.org,true
brypto@bitcoinhackers.org,true
btc@bitcoinhackers.org,true
btcbraj@bitcoinhackers.org,true
Btccultmember@bitcoinhackers.org,true
btcdoomguy@bitcoinhackers.org,true
BTCLuke@bitcoinhackers.org,true
btcminer@bitcoinhackers.org,true
btconometrics@bitcoinhackers.org,true
BtcOnThisDay@hodlr.one,true
BTCPayServer@bitcoinhackers.org,true
btcsessions@bitcoinhackers.org,true
btcsessions@mastodon.social,true
btctimes@bitcoinhackers.org,true
BTCtreasuries@bitcoinhackers.org,true
Bubba@bitcoinhackers.org,true
buzzlightyearz@bitcoinhackers.org,true
BVBTC@bitcoinhackers.org,true
casasciusbot@himk.am,true
cdecker@bitcoinhackers.org,true
ChartsBTC@mastodon.social,true
chowcollection@bitcoinhackers.org,true
citizenbitcoin@bitcoinhackers.org,true
ck_SNARKs@bitcoinhackers.org,true
cloudatio@bitcoinhackers.org,true
Coinicarus@bitcoinhackers.org,true
coinlaffs@bitcoinhackers.org,true
cointastical@bitcoinhackers.org,true
CountBitcoin@bitcoinhackers.org,true
count_null@bitcoinhackers.org,true
criptobastardo@bitcoinhackers.org,true
Cryptobatman420@bitcoinhackers.org,true
cryptocoin@bitcoinhackers.org,true
Cryptofrequency@bitcoinhackers.org,true
cryptograffiti@bitcoinhackers.org,true
cryptoparty_berlin@aleph.land,true
ctdl21@bitcoinhackers.org,true
cyphersafe@bitcoinhackers.org,true
cz_bot@fintoot.space,true
czino@bitcoinhackers.org,true
dandarkpill@bitcoinhackers.org,true
danheld@bitcoinhackers.org,true
darkdotfail@mastodon.social,true
daveparrish@bitcoinhackers.org,true
debian@framapiaf.org,true
decentralizedb@bitcoinhackers.org,true
degaia@bitcoinhackers.org,true
DigitalCurrLA@bitcoinhackers.org,true
dilutionproof@bitcoinhackers.org,true
dimzayan@bitcoinhackers.org,true
diverter@bitcoinhackers.org,true
djbooth007@bitcoinhackers.org,true
drbitcoinmd@bitcoinhackers.org,true
drgo@bitcoinhackers.org,true
DrHQuinzel@bitcoinhackers.org,true
duck1123@bitcoinhackers.org,true
earnbitcoin@bitcoinhackers.org,true
eatoutfrom5lbs@bitcoinhackers.org,true
ecoinometrics@bitcoinhackers.org,true
econengineer@bitcoinhackers.org,true
econoalchemist@bitcoinhackers.org,true
econoalchemist@whynot.hostyourown.tools,true
eiaine@bitcoinhackers.org,true
elbarto@bitcoinhackers.org,true
elliot@bitcoinhackers.org,true
EmptyBanks@bitcoinhackers.org,true
emzy@bitcoinhackers.org,true
ergobtc@bitcoinhackers.org,true
excellion@bitcoinhackers.org,true
exitfiat@bitcoinhackers.org,true
ExponentialBTC@bitcoinhackers.org,true
FF2K@bitcoinhackers.org,true
fiatjaf@bitcoinhackers.org,true
fiatjaf@toot.cafe,true
flexbit@bitcoinhackers.org,true
Florida@bitcoinhackers.org,true
fluxdev@bitcoinhackers.org,true
Francispouliot@bitcoinhackers.org,true
futurepaul@bitcoinhackers.org,true
gary@bitcoinhackers.org,true
georgevaccaro@bitcoinhackers.org,true
giacomozucco@bitcoinhackers.org,true
gingerbreadfork@mastodon.social,true
girevik@bitcoinhackers.org,true
girevik@mastodon.social,true
giszmo@bitcoinhackers.org,true
gladstein@bitcoinhackers.org,true
glob@bitcoinhackers.org,true
gollum@bitcoinhackers.org,true
Gregzaj1@bitcoinhackers.org,true
grubles@bitcoinhackers.org,true
guimerges@x0f.org,true
hacktivist@bitcoinhackers.org,true
halfin@bitcoinhackers.org,true
Hamish@bitcoinhackers.org,true
hanakookie@bitcoinhackers.org,true
harding@hash.social,true
HasuBTC@bitcoinhackers.org,true
herrpuppekanin@bitcoinhackers.org,true
hodladi@fud.nu,true
Hodlonaut@bitcoinhackers.org,true
htimsxela@bitcoinhackers.org,true
hugohanoi@bitcoinhackers.org,true
hwimerges@x0f.org,true
ibz@bitcoinhackers.org,true
Indus3@bitcoinhackers.org,true
instagibbs@x0f.org,true
italiansatoshi@bitcoinhackers.org,true
Iwan_Rabbinstein@bitcoinhackers.org,true
jackgopack4@bitcoinhackers.org,true
JackMallers@bitcoinhackers.org,true
jamesob@bitcoinhackers.org,true
JamieAnders@bitcoinhackers.org,true
jb55@bitcoinhackers.org,true
Jbhoz@bitcoinhackers.org,true
jcbrand@mastodon.xyz,true
jchervinsky@bitcoinhackers.org,true
jdebunt@bitcoinhackers.org,true
jeremy@bitcoinhackers.org,true
jeremy@bitcoinhackers.org,true
jessicahodlr@bitcoinhackers.org,true
jgettbtc@bitcoinhackers.org,true
JimBLogic@bitcoinhackers.org,true
jimbocoin@bitcoinhackers.org,true
jimmysong@bitcoinhackers.org,true
johnkvallis@bitcoinhackers.org,true
Jonchenot@bitcoinhackers.org,true
jon@x0f.org,true
jp@bitcoinhackers.org,true
jronkain@bitcoinhackers.org,true
juangalt@bitcoinhackers.org,true
k3tan@bitcoinhackers.org,true
kalle@bitcoinhackers.org,true
karozagorus@bitcoinhackers.org,true
kenyacoin@bitcoinhackers.org,true
kisbitcoin@bitcoinhackers.org,true
KlausSchwabBTC@bitcoinhackers.org,true
knutsvanholm@bitcoinhackers.org,true
kristapsk@bitcoinhackers.org,true
kukks@mastodon.social,true
kyletorpey@mastodon.cloud,true
lara@bitcoinhackers.org,true
latam_hodl@bitcoinhackers.org,true
leishman@bitcoinhackers.org,true
light@bitcoinhackers.org,true
light@mastodon.social,true
LightningK0ala@bitcoinhackers.org,true
linaseiche@bitcoinhackers.org,true
Linear_trav@bitcoinhackers.org,true
liquidnetwork@bitcoinhackers.org,true
liquigate@bitcoinhackers.org,true
livestradamus@bitcoinhackers.org,true
lopp@mastodon.social,true
lopp@mstdn.foxfam.club,true
Luciferhodlstar@bitcoinhackers.org
lukedashjr@bitcoinhackers.org,true
lukewestlake@bitcoinhackers.org,true
Mandrik@bitcoinhackers.org,true
ManfredKarrer@bitcoinhackers.org,true
manfred_karrer@mstdn.foxfam.club,true
marcoseminari@bitcoinhackers.org,true
MarioLemieux99@bitcoinhackers.org,true
martybent@bitcoinhackers.org,true
Martys_owl@bitcoinhackers.org,true
matt_odell@bitcoinhackers.org,true
mattodell@bitcoinhackers.org,true
matt_odell@mstdn.foxfam.club,true
maxalext@mastodon.social,true
maxmanbtc@btc21m.net,true
melvincarvalho@mastodon.social,true
MF_HODL@bitcoinhackers.org,true
michaelfolkson@bitcoinhackers.org,true
midnightmagic@mastodon.social,true
midnightmagic@x0f.org,true
minnfintech@mstdn.social,true
mir_btc@bitcoinhackers.org,true
miscmerges@x0f.org,true
MisterCh0c@bitcoinhackers.org,true
Mitchklee@bitcoinhackers.org,true
Molls@bitcoinhackers.org,true
MoonCapital@bitcoinhackers.org,true
MrHodl@bitcoinhackers.org,true
MrHodl@mastodon.social,true
mtc@bitcoinhackers.org,true
MultiBitcoiner@bitcoinhackers.org,true
mydogisahusky@bitcoinhackers.org,true
mylivintruth@bitcoinhackers.org,true
Nakadai_mon@bitcoinhackers.org,true
NakamotoInst@mastodon.social,true
NakamotoQuotes@botsin.space,true
nic@bitcoinhackers.org,true
nicebit@bitcoinhackers.org,true
NicolasDorier@bitcoinhackers.org,true
nikcantmine@bitcoinhackers.org,true
nlw@bitcoinhackers.org,true
nme@bitcoinenemies.com,true
nolim1t@bitcoinhackers.org,true
NunyaBidness@bitcoinhackers.org,true
nvk@bitcoinhackers.org,true
nwoodfine@bitcoinhackers.org,true
oldcryptogeek@bitcoinhackers.org,true
Opendime@bitcoinhackers.org,true
openoms@bitcoinhackers.org,true
orionwl@x0f.org,true
OwlGuy4@bitcoinhackers.org,true
p2p_bitcoin@bitcoinhackers.org,true
pablof7z_@bitcoinhackers.org,true
panicfomo@bitcoinhackers.org,true
parkeralewis@bitcoinhackers.org,true
Pavlenex@bitcoinhackers.org,true
pedrob@bitcoinhackers.org,true
pedromvpg@bitcoinhackers.org,true
pete@petertodd.org,true
PeterParker@bitcoinhackers.org,true
Phil_Geiger@bitcoinhackers.org,true
pierre_rochard@bitcoinhackers.org,true
PINE64@fosstodon.org,true
prayank@bitcoinhackers.org,true
Princey@bitcoinhackers.org,true
privacyint@mastodon.xyz,true
proofofcash@shitcoin.land,true
protonmail@mastodon.social,true
protonvpn@mastodon.social,true
PUBLORDHODL@bitcoinhackers.org,true
purism@librem.one,true
qna@social.bitcoiner.guide,true
qubit@bitcoinhackers.org,true
randymcmillan@bitcoinhackers.org,true
RedFox@bitcoinhackers.org,true
Renzo_hodl@bitcoinhackers.org,true
richd@bitcoinhackers.org,true
rockstardev@mastodon.social,true
RubenHodl@bitcoinhackers.org,true
rusty@bitcoinhackers.org,true
ryanjordan@bitcoinhackers.org,true
sabotagebeats@privacyfirst.social,true
samouraidev@mastodon.social,true
samourai_official@mastodon.social,true
sasquatch@bitcoinhackers.org,true
satnode@botsin.space,true
satoshibaggins@bitcoinhackers.org,true
SatoshiLite@bitcoinhackers.org,true
SatsLife@bitcoinhackers.org,true
schuldensuehner@mstdn.foxfam.club,true
secp256k1merges@x0f.org,true
seedsigner@bitcoinhackers.org,true
Seth586@bitcoinhackers.org,true
shawnyeager@bitcoinhackers.org,true
shinobimonkey@bitcoinhackers.org,true
sjors@m.sprovoost.nl,true
sneak@sneak.berlin,true
Sosthene@bitcoinhackers.org,true
soundmazedj@bitcoinhackers.org,true
Sovereignhodl@bitcoinhackers.org,true
SpecterWallet@bitcoinhackers.org,true
Spooge@bitcoinhackers.org,true
Ss2194@bitcoinhackers.org,true
ssaurel@bitcoinhackers.org,true
staciewaleyko@bitcoinhackers.org,true
Stackmore@bitcoinhackers.org,true
StacyH@bitcoinhackers.org,true
starfleet@qoto.org,true
stark@bitcoinhackers.org,true
stephanlivera@bitcoinhackers.org,true
SterlingtoOrange@bitcoinhackers.org,true
Steve@bitcoinhackers.org,true
stevenroose@x0f.org,true
sthenc@bitcoinhackers.org,true
StoneyBitson@mstdn.social,true
Svetski@bitcoinhackers.org,true
swedetoshi@bitcoinhackers.org,true
teachin_bitcoin@bitcoinhackers.org,true
thebitcoinrabbi@bitcoinhackers.org,true
thedigitalnomadbtc@bitcoinhackers.org,true
thefuckisalommy@bitcoinhackers.org,true
TheGoon@bitcoinhackers.org,true
TheRealPaulRB@bitcoinhackers.org,true
thndrgames@bitcoinhackers.org,true
thommytomate0@bitcoinhackers.org,true
tim@maly.io,true
timp@x0f.org,true
ToneVays@bitcoinhackers.org,true
torproject@mastodon.social,true
TotalBitcoin@bitcoinhackers.org,true
tracyspacy@bitcoinhackers.org,true
TucsonBitcoin@mastodon.online,true
Tulipan81@bitcoinhackers.org,true
twosatoshis@bitcoinhackers.org,true
ubports@framapiaf.org,true
untappedgrowth@bitcoinhackers.org,true
verretor@bitcoinhackers.org,true
verretor@himk.am,true
verretor@kiwifarms.cc,true
Vivek4real@bitcoinhackers.org,true
vladcostea@bitcoinhackers.org,true
vortex@bitcoinhackers.org,true
vulpem@bitcoinhackers.org,true
waxwing@bitcoinhackers.org,true
waxwing@x0f.org,true
whalealert_bot@fintoot.space,true
wintercooled@bitcoinhackers.org,true
wizardofaus@bitcoinhackers.org,true
wiz@bitcoinhackers.org,true
XBT@bitcoinhackers.org,true
xtr3m3hodl@bitcoinhackers.org,true
yegorpetrov@bitcoinhackers.org,true
zndtoshi@bitcoinhackers.org,true
